{"segment111":[80,700,80,518],"segment511":[80,440,80,518],"segment12":[80,700,80,725,80.07499999999999,727.925,80.30000000000001,730.7,80.67500000000001,733.325,81.19999999999999,735.8,81.875,738.125,82.69999999999999,740.3,83.67500000000001,742.325,84.80000000000001,744.2,86.07499999999999,745.925,87.5,747.5,89.07499999999999,748.925,90.80000000000001,750.2,92.67500000000001,751.325,94.69999999999999,752.3,96.875,753.125,99.19999999999999,753.8,101.67500000000001,754.325,104.30000000000001,754.7,107.07499999999999,754.925,110,755,220,755,227.8,754.8,235.2,754.2,242.2,753.2,248.8,751.8,255,750,260.8,747.8,266.2,745.2,271.2,742.2,275.8,738.8,280,735,283.8,730.8,287.2,726.2,290.2,721.2,292.8,715.8,295,710,296.8,703.8,298.2,697.2,299.2,690.2,299.8,682.8,300,675,300,580],"segment211":[300,580,298.88,573.9549999999999,297.52,568.2199999999999,295.92,562.7950000000001,294.08,557.6800000000001,292,552.875,289.68,548.38,287.12,544.1949999999999,284.32,540.32,281.28,536.755,278,533.5,274.48,530.555,270.72,527.92,266.72,525.595,262.48,523.58,258,521.875,253.28,520.48,248.32,519.395,243.12,518.62,237.68,518.155,232,518,80,518],"segment412":[85,290,80,373],"segment512":[80,440,80,373],"segment34":[295,290,295,140,294.92,136.88,294.68,133.92000000000002,294.28,131.12,293.72,128.48,293,126,292.12,123.68,291.08,121.52000000000001,289.88,119.52,288.52,117.67999999999999,287,116,285.32,114.48,283.48,113.12,281.48,111.92,279.32,110.88,277,110,274.52,109.28,271.88,108.72,269.08,108.32,266.12,108.08,263,108,117,108,113.88,108.08,110.92000000000002,108.32,108.12,108.72,105.48000000000002,109.28,103,110,100.68,110.88,98.51999999999998,111.92,96.51999999999998,113.12,94.68,114.48,93,116,91.48000000000002,117.67999999999999,90.12,119.52,88.92000000000002,121.52000000000001,87.88,123.68,87,126,86.27999999999997,128.48,85.72000000000003,131.12,85.32,133.92000000000002,85.07999999999998,136.88,85,140,85,290],"segment312":[295,290,295,341,294.92,344.12,294.68,347.08,294.28,349.88,293.72,352.52,293,355,292.12,357.32,291.08,359.48,289.88,361.48,288.52,363.32,287,365,285.32,366.52000000000004,283.48,367.88,281.48,369.08,279.32,370.12,277,371,274.52,371.72,271.88,372.28,269.08,372.68,266.12,372.92,263,373,80,373]}
