{"segment111":[300,700,300,518],"segment511":[300,440,300,518],"segment12":[300,700,300,725,299.925,727.925,299.7,730.7,299.325,733.325,298.8,735.8,298.125,738.125,297.3,740.3,296.325,742.325,295.2,744.2,293.925,745.925,292.5,747.5,290.925,748.925,289.2,750.2,287.325,751.325,285.3,752.3,283.125,753.125,280.8,753.8,278.325,754.325,275.7,754.7,272.925,754.925,270,755,160,755,152.2,754.8,144.8,754.2,137.8,753.2,131.2,751.8,125,750,119.2,747.8,113.8,745.2,108.8,742.2,104.2,738.8,100,735,96.2,730.8,92.8,726.2,89.8,721.2,87.2,715.8,85,710,83.2,703.8,81.8,697.2,80.8,690.2,80.2,682.8,80,675,80,580],"segment211":[80,580,81.12,573.9549999999999,82.48,568.2199999999999,84.08,562.7950000000001,85.92,557.6800000000001,88,552.875,90.32000000000001,548.38,92.88,544.1949999999999,95.68,540.32,98.72,536.755,102,533.5,105.52000000000001,530.555,109.28,527.92,113.28,525.595,117.52,523.58,122,521.875,126.72,520.48,131.68,519.395,136.88,518.62,142.32,518.155,148,518,300,518],"segment412":[295,290,300,373],"segment512":[300,440,300,373],"segment34":[85,290,85,140,85.08,136.88,85.32,133.92000000000002,85.72,131.12,86.28,128.48,87,126,87.88,123.68,88.92,121.52000000000001,90.12,119.52,91.48,117.67999999999999,93,116,94.67999999999999,114.48,96.52,113.12,98.52,111.92,100.68,110.88,103,110,105.47999999999999,109.28,108.12,108.72,110.92,108.32,113.88000000000001,108.08,117,108,263,108,266.12,108.08,269.08,108.32,271.88,108.72,274.52,109.28,277,110,279.32,110.88,281.48,111.92,283.48,113.12,285.32,114.48,287,116,288.52,117.67999999999999,289.88,119.52,291.08,121.52000000000001,292.12,123.68,293,126,293.72,128.48,294.28,131.12,294.68,133.92000000000002,294.92,136.88,295,140,295,290],"segment312":[85,290,85,341,85.08,344.12,85.32,347.08,85.72,349.88,86.28,352.52,87,355,87.88,357.32,88.92,359.48,90.12,361.48,91.48,363.32,93,365,94.67999999999999,366.52000000000004,96.52,367.88,98.52,369.08,100.68,370.12,103,371,105.47999999999999,371.72,108.12,372.28,110.92,372.68,113.88,372.92,117,373,300,373]}
